"WEEK ENDING",": 7th February 2026",""
"DAYS","DESCRIPTION OF WORK CARRIED OUT","ACTIVITY NO."
"SUNDAY","Public holiday -- Duruthu Full Moon Poya Day.",""
"MONDAY","Complete DevNet Reset, Blockchain Re-initialization, Admin Dashboard Feature Suite, Chaincode Event Emission Fix, Four-Module Handover Documentation, and Full-Stack E2E Validation

Objective: To execute a full-stack system reset of the distributed ledger development network including Hyperledger Fabric blockchain wipe, PostgreSQL database truncation, and microservice resurrection, followed by re-bootstrapping the on-chain system state, implementing a comprehensive suite of administrative dashboard widgets and data-fetching hooks, closing an architectural event emission gap in the chaincode, producing four modules of enterprise-grade handover documentation with verification, expanding the backend unit test suite, and validating the entire platform through automated and manual end-to-end testing.

Hyperledger Fabric Network Reset and Channel Recreation
The development network had accumulated significant technical debt over weeks of iterative testing. A controlled manual reset was performed by scaling down all six StatefulSets, deleting all five Persistent Volume Claims, and restarting components in dependency order. During restart, the K3s local-path-provisioner was discovered in a CrashLoopBackOff state due to a corrupted container image layer, resolved by patching the imagePullPolicy to Always. The Fabric network required complete channel recreation using the Channel Participation API via osnadmin, with both organisation peers joined using admin-level MSP credentials. The Chaincode-as-a-Service package was redeployed and committed at lifecycle sequence 2.

Database Surgical Reset and Reference Data Preservation
With the blockchain ledger completely fresh, a surgical truncation was executed using CASCADE propagation through foreign key relationships, clearing over 70 dependent tables. The Country reference table (197 nations) and SystemParameter configurations were explicitly preserved. Verification queries confirmed zero user-generated records with all reference data untouched.

Administrative Dashboard Widget Suite and Data-Fetching Hook Architecture
Five new visualisation widgets were implemented: registrations statistics, user distribution, supply meter, treasury status, and enhanced blockchain status. Seven TanStack Query v5 data-fetching hooks were authored following a consistent pattern of typed API responses with error boundary handling. A defensive formatNumber utility fix was applied to handle null and undefined values with division-by-zero protection.

System Bootstrap via Direct Chaincode Invocation and Endorsement Policy Discovery
The admin portal bootstrap trigger revealed a frontend-backend mismatch. Direct chaincode invocation returned success but CouchDB verification showed missing documents. Root cause analysis uncovered that Fabric separates simulation from commit, and the majority endorsement policy required dual-organisation endorsement. Re-invoking with both organisations resulted in successful state commitment with maxSupply of 1.25 trillion tokens.

Country Allocation Initialization via Outbox Batch Processing
234 country allocations were split into eight batches inserted into the OutboxCommand table. The outbox-submitter processed each batch within seconds, automatically handling JSON transformation, dual-organisation endorsement, and commit verification, bringing the blockchain to approximately 20 blocks.

Event Emission Gap Discovery and Chaincode Upgrade
The projector's database synchronisation revealed that the InitializeCountryData chaincode function persisted data but never called SetEvent to emit events. The chaincode was modified to emit comprehensive events, a new Docker image (tag 1.233) was built and deployed. A one-time manual database synchronisation populated all 234 CountryAllocation records.

Four-Module Handover Documentation Suite
A complete handover documentation suite totalling over 8,200 lines across five files was authored covering system architecture, user onboarding, admin operations, and enterprise patterns. Twenty verification agents were spawned in parallel to validate every code example and architectural claim.

Backend Unit Test Suite Expansion and Notification System Implementation
Five new unit test suites were authored for the administrative backend service. A notification system was implemented end-to-end following Clean Architecture with a GET /unread-count endpoint.

Automated E2E Testing via Playwright MCP and Manual Testing Bug Fixes
Nine end-to-end tests were executed across both applications. Manual testing revealed TanStack Query v5 strict undefined handling violations, a face verification file naming defect, and a KYC face verification state persistence fix where the UpdateFaceVerificationUseCase returned a minimal response overwriting the full application state.

Blockchain Visibility Feature Implementation in Clean Architecture
Nine new files were created and seven existing files modified following Clean Architecture across all layers with hybrid PostgreSQL and static configuration data sourcing for blockchain network status.

Outcome: The complete development network was reset, re-bootstrapped with all foundational blockchain structures and 234 country allocations, enriched with a full administrative dashboard widget suite, comprehensive handover documentation totalling 8,203 lines was authored and verified, the backend unit test suite was expanded, and new blockchain visibility endpoints were added. Nine automated E2E tests and extensive manual testing uncovered and resolved four cross-repository bugs including a critical KYC state persistence defect.","2.1 Analyze current system
2.2 Identify requirements and deficiencies of the existing system
3.2 Design process outlines
3.3 User Interfaces/User experience/HCI/Screen formats and layouts
4.1 Program design
4.2 Program code
4.3 Test programs
5.1 Testing module
5.2 Integration
6.4 Installation of software
9.1 Document and/or update documentation
18.1 Managing activities relating to inbound and outbound logistics
23.2 Implement DevOps practices
23.3 Automate deployment processes
25.1 Develop blockchain applications
25.2 Implement smart contracts"
"TUESDAY","API Response Contract Unification, Biometric Hash Generation System, Full-Stack E2E Validation, Admin Dashboard Data Integrity Overhaul, and Blockchain Registration Error Handling Pipeline

Objective: To systematically resolve API response format mismatches across 16+ administrative service endpoints, implement real SHA-256 biometric hash generation from face descriptors for blockchain identity registration, execute comprehensive end-to-end testing of both citizen wallet and admin portal workflows, eliminate hardcoded dashboard values with live blockchain data integration, build a complete error handling pipeline for blockchain user registration, and correct a critical token supply display precision error of three orders of magnitude.

API Response Format Unification Across Administrative Service Endpoints
Sixteen API response format mismatches were resolved where controllers wrapped responses in envelopes while the frontend expected data directly. Six dashboard controller methods and eight admin controller methods were each transformed to return data in the shapes their frontend hooks expected, including a complex flattening transformation for dashboard statistics that mapped a nested structure into 16 flat fields. Route aliases were added where frontend paths diverged from backend registrations.

Complete End-to-End Testing of Citizen Registration and KYC Onboarding
A comprehensive Playwright session validated the entire user journey across nine distinct steps from account type selection through KYC document uploads, face verification, and application submission. Twenty-one screenshots were captured documenting every step.

Administrative Dashboard UX Restructuring
The Users page was restructured to enforce clear separation between on-chain account statuses and KYC application review. KYC actions were surgically removed from four files yielding a net reduction of approximately 65 lines.

Multi-Agent Parallel Quality Assurance Orchestration
Four specialised Playwright verification agents covered 23 pages and identified two runtime crashes fixed during the session. A pool distribution chart crash and transaction filters crash were resolved.

Dashboard Data Integrity: Replacing Hardcoded Values with Live Blockchain Data
The blockchain status widget was displaying fabricated metrics. A complete rewrite of the useBlockchainStatus hook was implemented with five extracted helper functions to comply with ESLint cyclomatic complexity limits.

Blockchain Registration Error Handling Pipeline with Dedicated Queue Interface
A comprehensive error handling pipeline was implemented across the full stack with three new backend API endpoints for processing, failed, and retry-registration states. The panels were extracted into a dedicated Outbox Queue page.

Biometric Hash Generation System from Face Descriptors
A complete biometric hash generation system was implemented with quantizeDescriptor, calculateCentroid, and generateStableBiometricHash methods. A real FaceApiFaceVerificationService was created for the KYC service. Configurable thresholds were added for minimum face match score (80), liveness score (70), and confidence (70).

Token Supply Display Precision Correction and Phase Sub-Phase Implementation
A three-order-of-magnitude error was corrected where the frontend divided by one million instead of one billion. The phase distribution chart was expanded from six to eight phases.

KYC Approval Flow Completion: OnchainStatus Synchronisation Fix
The Pending Onchain tab was empty because onchainStatus fields contained legacy values. A data migration healed existing users and subsequent Playwright verification confirmed the complete state machine flow.

Outcome: Sixteen API response format mismatches were resolved, a complete biometric hash generation system was implemented, end-to-end testing validated the full citizen journey across 21 documented steps, the token supply display was corrected from a 1000x magnitude error, and the platform achieved its first successful end-to-end blockchain registration queue submission.","2.1 Analyze current system
2.2 Identify requirements and deficiencies of the existing system
3.2 Design process outlines
3.3 User Interfaces/User experience/HCI/Screen formats and layouts
4.1 Program design
4.2 Program code
4.3 Test programs
5.1 Testing module
5.3 System testing
6.3 Create database/convert files
8.4 Security
9.1 Document and/or update documentation
23.1 Develop software applications
25.2 Implement smart contracts"
"WEDNESDAY","No work scheduled.",""
"THURSDAY","Blockchain Registration Sub-Tab Visibility, Biometric Hash Validation Pipeline, Full Infrastructure Backup with Cloud Verification, and Cross-Platform Migration Planning

Objective: To enhance the administrative dashboard's blockchain registration workflow with granular status sub-tabs, close the remaining biometric hash validation gap, execute a comprehensive 102GB infrastructure backup across all Kubernetes namespaces and databases with byte-verified cloud upload, reclaim 242GB of accumulated disk space, and initiate strategic planning for a complete infrastructure migration from AlmaLinux to Ubuntu.

Pending Onchain Registration Status Sub-Tabs
Three nested sub-tabs were implemented within the Pending Onchain section: Ready for NOT_SYNCED users, Processing for SYNC_PENDING users, and Failed for SYNC_FAILED users. Each sub-tab displays a badge count reflecting the current population.

Biometric Hash Validation and Fallback Generation Pipeline
Two validation functions were introduced: isValidBiometricHash using the regex pattern for SHA-256 hex format, and generateFallbackBiometricHash producing a deterministic SHA-256 hash from application identifier, timestamp, and 32 bytes of cryptographic randomness. Placeholder hash generation in the authentication service was removed entirely.

Comprehensive Infrastructure Backup to Cloud Storage
A full infrastructure backup was executed across eight phases including Kubernetes resource export across seven namespaces, database dumps for PostgreSQL across both environments plus Redis and CouchDB. The filesystem phase produced a 102GB archive (108,865,566,312 bytes). SSH session timeout was resolved using systemd-run to create a transient systemd unit for the upload. Byte-count verification confirmed an exact match between local and cloud copies.

Post-Backup Disk Space Reclamation
A three-phase cleanup recovered 242GB, reducing disk utilisation from 87% to 27% and restoring 295GB of free space.

Cross-Platform Infrastructure Migration Strategy
A strategic decision was made to migrate from AlmaLinux to Ubuntu LTS across all three environments via a seven-phase rebuild approach. DevNet was designated as the first target with VPS4 maintained as a rollback option.

Outcome: The blockchain registration pipeline gained granular administrative visibility, the biometric hash validation gap was closed, a 102GB infrastructure backup was byte-verified on cloud storage, 242GB of disk space was reclaimed, and a seven-phase infrastructure migration strategy was established.","2.1 Analyze current system
2.2 Identify requirements and deficiencies of the existing system
3.2 Design process outlines
3.3 User Interfaces/User experience/HCI/Screen formats and layouts
4.2 Program code
8.2 Disaster recovery
8.3 Backups
8.4 Security
12.1 Project planning
18.1 Managing activities relating to inbound and outbound logistics
22.5 Migrate applications to the cloud
23.2 Implement DevOps practices"
"FRIDAY","No work scheduled.",""
"SATURDAY","No work scheduled.",""
"","PROBELMS ENCOUNTERED","SOLUTIONS FOUND"
"The development network had accumulated significant technical debt requiring a full reset including orphaned ledger state, stale CouchDB documents, and configuration drift. During restart, the K3s local-path-provisioner entered CrashLoopBackOff due to a corrupted container image layer. The Fabric endorsement policy required dual-organisation endorsement which was not initially understood, causing bootstrap transactions to appear successful during simulation but fail during validation. The chaincode InitializeCountryData function was missing event emissions, leaving the projector unable to synchronise read models. Sixteen API response format mismatches were discovered across administrative endpoints where controllers wrapped responses in envelopes while frontends expected flat data. A three-order-of-magnitude token supply display error was caused by a precision constant mismatch between backend (nine decimals) and frontend (six decimals). Biometric hash validation gaps allowed invalid placeholder values to reach the chaincode. The SSH session timed out during a multi-hour backup compression phase, and 242GB of staging files accumulated on the VPS.","The K3s provisioner was fixed by patching imagePullPolicy to Always and triggering a rollout restart. The endorsement policy issue was resolved by re-invoking bootstrap with dual-peer endorsement addresses for both organisations. The chaincode was modified to emit comprehensive events with a new Docker image deployed, and a one-time manual database synchronisation was performed for historical data. All sixteen API mismatches were resolved by transforming controllers to return data directly following the established codebase convention. The precision error was corrected by updating the frontend conversion function to divide by one billion. A complete biometric hash generation system was implemented using SHA-256 from face descriptors with validation guards and cryptographic fallback generation. The SSH session timeout was resolved using systemd-run to create a persistent transient systemd unit for the cloud upload, and a three-phase disk cleanup recovered 242GB."

"WEEK ENDING",": 14th February 2026",""
"DAYS","DESCRIPTION OF WORK CARRIED OUT","ACTIVITY NO."
"SUNDAY","Comprehensive Dual-Codebase Forensic Comparison -- Architecture, Code Quality, and Security Analysis Across 300+ Files with 60-Issue Catalog

Objective: To conduct a definitive forensic-level comparison between two protocol codebases by performing high-level architectural analysis, deep code quality evaluation using parallel analysis agents, and exhaustive file-by-file review across over 300 files, cataloguing every deficiency with exact file paths, line numbers, and severity ratings.

Remote Codebase Acquisition and Analysis Environment Setup
Both codebases were co-located on the same machine to enable parallel analysis agents to simultaneously inspect files from both projects.

Phase 1 -- High-Level Architecture Comparison
The remote prototype presented as a pnpm-based monorepo with Turborepo containing 4 backend services, 3 frontend applications, and chaincode in both TypeScript and Go. The production platform used a hybrid multi-repo structure with npm workspaces. The remote prototype consolidated functionality into a monolithic identity service containing 18+ modules, while the production platform decomposed into 15+ properly separated microservices with Clean Architecture across four layers.

Phase 2 -- Deep Code Quality Analysis via Four Parallel Agents
The backend agent found the production codebase had textbook Clean Architecture with 50+ focused use cases averaging 80-100 lines each, while the remote prototype had a 14KB KYC controller packed with business logic and in-memory Map storage. The chaincode agent uncovered alarming findings: a business activation function with zero access control, a membership endorsement function with race conditions, and non-deterministic timestamp generation breaking consensus. The frontend agent found hardcoded development credentials and cookies set without HttpOnly, Secure, or SameSite flags. The infrastructure agent identified complementary strengths including the remote prototype's BigInt-based Amount value object.

Phase 3 -- Exhaustive File-by-File Review
After analysis across more than 300 files, 60 distinct issues were catalogued: 15 critical, 27 high, and 18 medium.

Comprehensive Report Generation
Two technical reports totalling more than 2,200 lines were produced covering the executive summary, architecture comparison, security analysis, and migration recommendations.

Outcome: The production platform was confirmed as the sole viable foundation for future development, while specific domain modelling patterns from the remote prototype were identified for selective adoption through proper architectural reimplementation.","2.1 Analyze current system
2.2 Identify requirements and deficiencies of the existing system
2.3 Specify requirements of the proposed system
3.2 Design process outlines
7.1 Analysis stage
7.2 Design stage
9.1 Document and/or update documentation
12.2 Document project performance
19.1 Conduct security assessments
19.5 Develop security policies and procedures
23.5 Conduct code reviews
25.5 Ensure blockchain security"
"MONDAY","Strategic Architecture Review and Infrastructure Migration Planning -- Development Team Decision Session on Codebase Foundation, Repository Consolidation, Server Platform Migration, and Technical Roadmap

Objective: To convene a comprehensive architecture review and planning session with the development team and project founder, evaluating the forensic codebase comparison findings, making definitive decisions on the development foundation, planning repository consolidation and infrastructure migration, and establishing the technical execution roadmap.

Codebase Comparison Findings Review and Foundation Decision
The findings were reviewed with the team: 60 issues catalogued, 15 critical vulnerabilities in the remote prototype including missing access control on privileged chaincode operations, non-deterministic timestamps, and hardcoded credentials. The team unanimously decided the production platform would serve as the sole foundation. The prototype's stronger domain-driven design patterns were identified for selective adoption.

Repository Consolidation and Organisation Migration Strategy
A comprehensive migration plan was designed: all six repositories would move to a single unified GitHub organisation with descriptive two-word directory names. The parent monorepo would graduate from gitignore-based isolation to proper git submodules. A five-track parallel execution strategy and a four-branch hierarchy (main, dev, and two developer branches) were outlined.

Server Infrastructure Platform Migration Decision
The team decided on a complete infrastructure overhaul from AlmaLinux to Ubuntu LTS across all three environments as a clean-slate rebuild. The 102GB backup provided the safety net.

Frontend Framework Upgrade Planning
The upgrade scope encompassed Next.js 15 to 16, React 19.1 to 19.2, and Tailwind CSS v3 to v4.

Backend Service Restoration and Domain Foundation Roadmap
Three core services had been running stale images and one was in a crash loop. The roadmap included a BigInt-backed Amount value object to eliminate dangerous floating-point arithmetic and a three-layer CQRS integrity architecture.

Outcome: Definitive decisions were produced across five workstreams: production platform confirmed as sole foundation, repository consolidation designed, infrastructure migration approved, framework upgrades scoped, and backend restoration roadmap outlined.","1.1 Conduct preliminary investigations
1.2 Carry out feasibility study
2.1 Analyze current system
2.2 Identify requirements and deficiencies of the existing system
2.3 Specify requirements of the proposed system
3.2 Design process outlines
12.1 Project planning
12.3 Review project with reference to organizational goals
16.1 Coordinating and liaising with various internal and external parties
22.1 Design cloud architecture
23.2 Implement DevOps practices
25.5 Ensure blockchain security"
"TUESDAY","Full-Stack Repository Migration: Monorepo Unification, Submodule Architecture, Next.js 16 Framework Upgrade, Tailwind CSS v4 Migration, Production Deployment, and CI/CD Pipeline Activation

Objective: To execute a comprehensive organisational migration of six distributed repositories into a unified namespace with proper git submodule architecture, perform a major frontend framework upgrade spanning Next.js 16 and React 19.2 with over 550 Tailwind CSS v4 class modernisations across 90+ files, deploy the consolidated codebase to production, and activate automated CI/CD pipelines through GitHub Actions.

Repository Namespace Unification and Submodule Architecture
All six child repositories were physically renamed to descriptive two-word identifiers and the parent monorepo was migrated to a unified organisation namespace. The conversion from gitignore-based isolation to proper git submodules required manual index manipulation using git update-index --cacheinfo 160000. Approximately 329 files were updated across seven repositories.

Next.js 16, React 19.2, and Tailwind CSS v4 Migration
The hero section loading deficiency was fixed with an inline black background, base64 blur placeholder, consolidated autoplay logic, and staggered cross-dissolve timing. ESLint was stabilised on 9.39.2 with native flat config arrays. Over 550 legacy Tailwind CSS v3-era class patterns were replaced across more than 90 files using a multi-agent orchestration approach across three waves.

Cross-Directory Commit Synchronisation and Production Deployment
Nine commits were cherry-picked with zero merge conflicts. The Docker build failed due to a missing .dockerignore file causing stale node_modules to overwrite clean dependencies. The blue-green deployment compiled in 32.1 seconds and generated all 39 static pages.

CI/CD Pipeline Activation
Three pipeline attempts were required: the first failed from SSH key whitespace corruption, the second from missing hostname secrets, and the third completed in 2 minutes and 23 seconds. A CSS scrollbar-gutter override conflict was fixed and automatically deployed through the new pipeline.

Outcome: Six scattered repositories were transformed into a unified monorepo with proper git submodule architecture, over 550 Tailwind CSS v4 class replacements were executed, the production deployment was migrated, and automated CI/CD deployment was activated completing in under 2.5 minutes per deployment.","2.1 Analyze current system
2.2 Identify requirements and deficiencies of the existing system
3.2 Design process outlines
3.8 Use complementary design techniques
4.2 Program code
4.3 Test programs
5.2 Integration
6.4 Installation of software
8.4 Security
9.1 Document and/or update documentation
23.2 Implement DevOps practices
23.3 Automate deployment processes
23.6 Maintain version control
25.1 Develop blockchain applications"
"WEDNESDAY","Backend Service Deployment Pipeline Overhaul, Domain-Driven Financial Arithmetic Foundation, CQRS Composite Event Architecture, and Full-Stack E2E Integration Testing

Objective: To resolve cascading backend service deployment failures by rewriting Dockerfiles and correcting port misconfigurations; to eliminate dangerous floating-point arithmetic by implementing a BigInt-backed Amount value object; to design and deploy a three-layer CQRS integrity architecture addressing Hyperledger Fabric's single-event-per-transaction limitation; and to execute comprehensive end-to-end integration testing.

Backend Service Deployment and Docker Build Iteration Odyssey
An immediate port-forward bug was discovered (3043 instead of 3040). The administrative service Dockerfile was completely rewritten to match the proven multi-stage build pattern. A four-iteration Docker build cycle exposed distinct failure categories at each stage. After all images were pushed and deployments updated, a final port mismatch required a Kubernetes service patch.

Domain Foundation Package and BigInt-Backed Amount Value Object
A new shared domain package was created with a 280-line Amount value object using BigInt integers with the string-split parsing algorithm (the same algorithm used by the Go smart contract). A denial-of-service guard limits integer digit length to 30 characters. An Entity base class, AggregateRoot with domain event collection, and a Rust-inspired Result pattern were also implemented.

Currency Utility Rewrite and Tokenomics Constants Centralisation
All existing currency utilities were rewritten to eliminate every floating-point operation. A comprehensive tokenomics constants file was created as a single source of truth mirroring the 519-line Go smart contract constants file.

Test Suite Development
168 new tests across four files validated the entire domain foundation. The Amount value object alone received 110 tests across 23 describe blocks.

Frontend SPA Navigation Fixes and E2E User Lifecycle Testing
Three performance antipatterns were corrected, reducing page transition times from 2-3 seconds to approximately 300-400 milliseconds. Four critical integration bugs were discovered including a Fabric event overwrite where SetEvent silently discards all but the last event.

CQRS Three-Layer Integrity Architecture
The solution was a three-layer integrity model: Layer 1 replaces independent SetEvent calls with an event accumulator pattern, Layer 2 validates incoming composite events against predefined contracts, and Layer 3 performs delayed post-commit reconciliation. Nine findFirst lookups were replaced with findUnique.

Outcome: All three backend microservices reached healthy status through systematic Docker build debugging, a domain-driven financial arithmetic foundation was established with 168 new tests, a three-layer CQRS composite event architecture was deployed, and end-to-end testing uncovered four critical integration bugs.","2.1 Analyze current system
2.2 Identify requirements and deficiencies of the existing system
3.1 Design data
3.2 Design process outlines
3.8 Use complementary design techniques
4.1 Program design
4.2 Program code
4.3 Test programs
5.2 Integration
5.3 System testing
6.4 Installation of software
8.4 Security
9.1 Document and/or update documentation
23.2 Implement DevOps practices
23.6 Maintain version control
25.2 Implement smart contracts"
"THURSDAY","End-to-End Integration Test Completion with CQRS Pipeline Verification, User Profile Microservice Creation, Systemic Dockerfile Audit, Dual CQRS Worker Monolith Decomposition, and Genesis Distribution Root Cause Resolution

Objective: To complete the full end-to-end user lifecycle integration test validating all three CQRS bug fixes; to create a new user profile microservice from scratch; to conduct a systemic Dockerfile audit; to decompose both CQRS worker monoliths (5,288 combined lines) into 96 focused handler files; and to diagnose the root cause of zero wallet balances.

E2E Integration Test Completion and CQRS Pipeline Verification
The test user's KYC application was completed and approved. The CQRS pipeline processed the registration through the outbox-submitter with confirmation at block 31. The projector successfully received the composite event containing all three sub-events, definitively verifying the composite event pattern fix. However, seven new issues were catalogued including a missing genesis distribution event handler.

User Profile Microservice Creation
A new service was built from scratch on port 3049 following Clean Architecture with four use cases, five Prisma ORM repository implementations, JWT authentication middleware, and request validation. Forty verification checks passed.

Docker Build Marathon and Systemic Dockerfile Audit
A comprehensive verification agent auditing 78 checks scored 74 passes against 4 critical failures, all the same systemic bug: a shared error-handling package missing from production stages. The three-location fix was applied to six services total.

CQRS Projector and Outbox-Submitter Monolith Decomposition
The projector (2,903 lines) was decomposed into 48 new files across ten domain subdirectories with a handler registry using auto-registration. The outbox-submitter (2,385 lines) was decomposed into 41 command handler files with a four-hook lifecycle: payload enrichment, chaincode resolution, post-commit side effects, and dead letter queue handling. Combined: 5,288 lines eliminated, 96 new files with 63 focused handler classes.

Genesis Distribution Root Cause Resolution
The root cause of zero wallet balance was a field identifier mismatch: the genesis distribution event handler used the blockchain fabric user identifier to look up wallets, but the wallet table is keyed by the internal profile identifier. A resolution step mapping the blockchain identifier to the profile identifier was implemented.

Enterprise Documentation
Comprehensive README documentation was generated for all seventeen backend services and workers, and the E2E testing skill was rewritten from 372 to 2,733 lines.

Outcome: The complete end-to-end user lifecycle was validated, a new user profile microservice was created, both CQRS worker monoliths were decomposed into 96 focused handler files with zero TypeScript compilation errors, and the root cause of zero wallet balances was traced to a blockchain-to-database identifier mismatch and resolved.","2.1 Analyze current system
2.2 Identify requirements and deficiencies of the existing system
3.1 Design data
3.2 Design process outlines
3.8 Use complementary design techniques
4.1 Program design
4.2 Program code
4.3 Test programs
5.2 Integration
5.3 System testing
6.4 Installation of software
8.4 Security
9.1 Document and/or update documentation
23.2 Implement DevOps practices
23.6 Maintain version control
25.2 Implement smart contracts"
"FRIDAY","No work scheduled.",""
"SATURDAY","No work scheduled.",""
"","PROBELMS ENCOUNTERED","SOLUTIONS FOUND"
"The strategic question of which of two codebases should serve as the development foundation had persisted across multiple cycles. Six repositories were scattered across two GitHub organisations following inconsistent naming conventions with gitignore-based directory isolation instead of proper submodules. Three backend services were running stale container images and one was in a persistent crash loop with a fundamentally broken single-stage Dockerfile. JavaScript floating-point arithmetic (parseFloat and Math.round) was being used for financial calculations in a system handling trillions of tokens. Hyperledger Fabric's single-event-per-transaction limitation silently discarded domain events during blockchain registration, leaving user status permanently stuck. The Docker build cache served stale layers despite Dockerfile changes, and Prisma client module resolution mismatched between monorepo and Docker contexts. The genesis distribution event handler used the wrong identifier to look up wallet records, causing zero balances. Both CQRS workers had grown to monolithic files of 5,288 combined lines.","A forensic comparison across 300+ files with 60 catalogued issues definitively settled the codebase question. All six repositories were migrated to a unified namespace with proper git submodule architecture using manual index manipulation. Dockerfiles were rewritten to the proven multi-stage build pattern with cache-disabled rebuilds for stale layer issues. A BigInt-backed Amount value object eliminated all floating-point arithmetic using the string-split parsing algorithm, validated by 168 tests. A three-layer CQRS composite event architecture replaced independent SetEvent calls with an event accumulator pattern, composite event validation, and reconciliation. The genesis distribution handler was fixed with a resolution step mapping blockchain identifiers to internal profile identifiers. Both CQRS monoliths were decomposed into 96 focused handler files across domain-organised directories. The CI/CD pipeline was activated through GitHub Actions with bastion-hop SSH configuration completing in under 2.5 minutes."

"WEEK ENDING",": 21st February 2026",""
"DAYS","DESCRIPTION OF WORK CARRIED OUT","ACTIVITY NO."
"SUNDAY","Public holiday -- Maha Shivaratri.",""
"MONDAY","Multi-Repository Branch Convergence: Submodule Conflict Resolution, Wallet Dashboard Specification, Government Treasury Gap Analysis, and Seven-Repository Integration Branch Migration

Objective: Converge two parallel developer branches across a monorepo containing six Git submodules by resolving four submodule pointer conflicts and root-owned file permission corruption, produce a 1,258-line wallet dashboard specification defining real-time SSE architecture and six dashboard widgets, conduct a full-stack gap analysis of a government treasury onboarding workflow across three codebases, and execute a seven-phase migration of all seven repositories from per-developer branches to a single shared integration branch.

Multi-Repository Branch Convergence and Submodule Conflict Resolution
The day commenced with consolidation of two parallel development streams. The first pull request carried thirty-two commits encompassing five sessions of prior work, totalling approximately eighty files changed with a fifty-thousand-line delta and merging cleanly as a fast-forward. The second pull request triggered submodule conflicts across four shared repositories where both developers had advanced submodule pointers to divergent commits with neither being an ancestor of the other. Investigation revealed root-owned files within the Git object databases blocking merges. The pragmatic resolution accepted one stream's submodule pointers via a targeted checkout from the merge head.

File Ownership Remediation and Development Environment Restoration
A comprehensive ownership remediation was executed across all six submodules using a recursive find operation filtered by root ownership with a batch ownership change applied to the development user. Verification confirmed zero root-owned files remained.

Wallet Dashboard Architecture Specification and Frontend Bug Remediation
A comprehensive 1,258-line specification was produced covering fifteen sections defining the complete dashboard overhaul. The real-time architecture replaced polling with Server-Sent Events. Six dashboard widgets were defined with surgical TanStack Query cache update specifications. The sidebar replacement specified a shadcn/ui implementation with four navigation groups. Five immediate bugs were fixed across seventeen modified files.

Government Treasury Onboarding Gap Analysis and Implementation Planning
Three parallel codebase explorations revealed approximately eighty percent of required components existed but nothing was connected end-to-end. Seven specific bugs were identified in the wizard, the backend had none of nine onboarding endpoints implemented, and a four-phase implementation plan was produced covering twenty-one files.

Shared Integration Branch Migration and Repository Consolidation
The migration proceeded through seven phases ordered by increasing complexity. Safety archive tags were created on every branch tip in every repository. All seven repositories were unified on a single shared branch, eliminating per-developer branching overhead.

Pre-Existing Code Quality Findings and Infrastructure Strategy
Nineteen ESLint errors and type errors were catalogued as follow-up items. A strategic pivot toward infrastructure modernisation identified three prerequisites: formalised pull request workflows, local development environments, and a dedicated test network.

Outcome: Two parallel developer branches were converged resolving four submodule pointer conflicts, a 1,258-line wallet dashboard specification was produced, a full-stack gap analysis identified seventeen bugs and nine missing endpoints, and all seven repositories were migrated to a shared integration branch with zero data loss.","2.1 Analyze current system
2.2 Identify requirements and deficiencies of the existing system
2.3 Specify requirements of the proposed system
3.2 Design process outlines
3.3 User Interfaces/User experience/HCI/Screen formats and layouts
3.9 UI Planning
4.2 Program code
5.2 Integration
8.4 Security
9.1 Document and/or update documentation
12.1 Project planning
23.2 Implement DevOps practices
23.5 Conduct code reviews
23.6 Maintain version control
25.1 Develop blockchain applications"
"TUESDAY","End-to-End User Flow Testing with Dashboard Data Pipeline Bug Resolution, Full Repository Branch Synchronisation Across Eight Repositories, Four-Track Parallel Frontend UI/UX Overhaul, and Liveness Detection Code Quality Refinement with Camera Lifecycle Bug Fixes

Objective: Execute comprehensive end-to-end user flow testing to identify and resolve critical dashboard data pipeline bugs, synchronise Git branches across eight repositories, conduct a four-track parallel frontend overhaul addressing currency formatting, shared component creation, form refinements, and liveness detection redesign, and finalise through code quality refactoring with camera lifecycle bug fixes and brand alignment.

End-to-End User Flow Testing and Dashboard Bug Discovery
Browser-based testing exposed four critical frontend failures: zero balance with incorrect denomination, truncated internal identifier instead of blockchain wallet address, empty transaction list, and a false identity verification banner. All four were traced to a single systemic root cause in the Next.js API proxy layer where route handlers assumed flat responses but backends wrapped in envelope structures.

Dashboard Proxy Route Fixes and Balance Card Redesign
All four bugs were resolved in six commits. The balance display component was rebuilt to enterprise standard with genesis distribution badge, on-chain synchronisation status indicator, and correct blockchain wallet address. Post-fix verification confirmed correct rendering on both desktop and mobile viewports.

Native Module Dependency Resolution and Storage Backend Configuration
The KYC service failed to start due to a canvas module dependency. The fix replaced static exports with a dynamic require invocation inside the factory function. Document uploads were enabled by switching to the filesystem storage backend.

Full Repository Branch Synchronisation Across Eight Repositories
Safety archive tags totalling over thirty-two tags were created and pushed. The synchronisation reconciled divergences of up to five hundred commits across three phases.

Four-Track Parallel Frontend Overhaul
Track A rewrote the shared currency formatting utility affecting nine consuming files with smart precision. Track B produced two reusable components: a production-grade text input with CSS-only floating label animation (65 lines) and a fully keyboard-navigable country selection combobox with search, ARIA roles, and flag display (243 lines). Track C integrated the components into registration and KYC forms with age validation enforcing thirteen-to-one-hundred year range. Track D redesigned the liveness detection from a three-state to a nine-state guided flow with instruction screens, per-challenge retry, and animated feedback.

Code Quality Refinement, Camera Lifecycle Bug Resolution, and Brand Alignment
The liveness component was refactored from 799 to approximately 700 lines. Two critical camera lifecycle bugs were resolved: a resource leak on retry and a black screen from conditional rendering unmounting the video element. Brand purple replaced green for all interactive elements.

Outcome: Four dashboard data pipeline bugs were resolved, eight repositories were synchronised, currency formatting was corrected across nine files, two reusable UI components were created, KYC forms gained age validation, and the liveness detection was redesigned from a three-state to a nine-state guided flow with camera lifecycle bugs fixed and brand alignment applied.","2.1 Analyze current system
2.2 Identify requirements and deficiencies of the existing system
3.2 Design process outlines
3.3 User interfaces/User experience/HCI/Screen formats and layouts
3.8 Use complementary design techniques
3.10 Design/Develop interactive UI elements
4.1 Program design
4.2 Program code
4.3 Test programs
5.2 Integration
9.1 Document and/or update documentation
18.1 Troubleshoot and debug production systems
19.2 Implement security protocols
23.5 Conduct code reviews
23.6 Maintain version control
25.1 Develop blockchain applications"
"WEDNESDAY","Full-Stack Audit and Transfer Pipeline Rebuild: Thirty-Eight Issue Remediation, Unit Mismatch Discovery, Container Recovery, Seven-Wave Send Page Implementation, and Twelve-Agent Quality Audit

Objective: Execute a comprehensive full-stack audit remediating thirty-eight issues across the entire participant journey, discover and resolve a critical unit mismatch between the blockchain and application layers, recover a failed container deployment offline for over twenty-six hours, implement a complete four-step transfer wizard through a seven-wave parallel build, and conduct a twelve-agent quality audit.

Full-Stack Audit and Systematic Remediation
Thirty-eight discrete issues were catalogued across four critical, fourteen high, and twenty low-priority findings. Six remediation streams were executed including critical registration flow fixes, independent OTP cooldown timers, KYC modernisation, transactions page rewrite from 940 to 500 lines with dead code removal of 22 files, and three build error resolutions.

Transfer Pipeline Architecture Analysis and Unit Standardisation
A critical unit mismatch was discovered: the Go chaincode operates in the smallest denomination at one million units per token, but the frontend sent raw values without conversion, meaning every transfer was one million times smaller than intended. Eleven architecture decisions were formalised to standardise the pipeline.

Container Image Recovery and Registry Optimisation
A KYC verification service stuck in image pull failure for twenty-six hours was rebuilt with cache disabled through a three-stage Dockerfile. Stale tags were deleted and 5.1 gigabytes of build cache were reclaimed. The rolling update completed in eighty-three seconds.

Foundation and Backend Implementation Waves
Wave 0 modified the Go chaincode transfer event fields to domain-driven identifiers, updated the projector with backward compatibility, created a Prisma migration adding six BigInt columns, and built a Qirat utility library with four conversion functions. Wave 1 rebuilt the backend API layer with four parallel agents.

Four-Step Transfer Wizard and Frontend Architecture
Waves 2-5 created three proxy routes with million-factor conversion at the boundary, five TanStack Query hooks, two specialised input components (recipient with 500ms debounce and amount with dual toggle), four wizard steps with Framer Motion transitions orchestrated by a state machine, and ARIA accessibility attributes across all components.

Transfer Verification and Enterprise Error Handling
The code quality audit passed eleven of twelve checks. The security audit identified and resolved three issues. A comprehensive error handling audit identified forty-six issues across four severity levels with fixes in thirteen files.

Twelve-Agent Quality Audit
Twelve parallel agents confirmed unit conversion correctness, idempotency propagation, and zero Clean Architecture layer violations. Three critical data integrity issues and five high-severity items were catalogued in an approved four-phase remediation plan.

Outcome: Thirty-three of thirty-eight full-stack issues were resolved, a critical unit mismatch was corrected through a seven-wave implementation producing eighteen new files and modifying fifteen, a container was recovered from twenty-six-hour failure, and a twelve-agent audit validated the implementation while identifying items for the approved remediation plan.","2.1 Analyze current system
2.2 Identify requirements and deficiencies of the existing system
3.1 Design data
3.2 Design process outlines
3.3 User Interfaces/User experience/HCI/Screen formats and layouts
3.10 Design/Develop Interactive UI Elements
4.2 Program code
4.3 Test programs
5.2 Integration
5.3 System testing
6.4 Installation of software
9.1 Document and/or update documentation
18.1 Managing activities relating to inbound and outbound logistics
19.2 Implement security protocols
23.2 Implement DevOps practices
25.2 Implement smart contracts"
"THURSDAY","Post-Audit Remediation Cycle: Transfer Pipeline Ship-Blocker Resolution, KYC Onboarding Stabilisation, Biometric Liveness Detection Overhaul with Adaptive Calibration, and Test Suite Expansion to 110 Tests

Objective: Execute a four-phase post-audit remediation plan resolving three critical and five high-severity findings, eliminate interconnected KYC onboarding race conditions and stale progress tracking, complete a three-phase liveness detection quality assurance overhaul with adaptive baseline calibration and anti-spoofing hardening, recover the dashboard from an unapplied migration error, standardise financial formatting, and expand the combined test suite from 65 to 110 tests.

Transfer Pipeline Ship-Blocker Resolution and Code Quality Hardening
The CQRS projector transfer event handler was updated to populate six version-two transaction columns across all three transaction creation calls. A backward-compatible fallback pattern resolved event field name mismatches. Rate limiting was applied at sixty requests per minute. A Next.js error boundary was created. Four parallel agents executed code quality hardening. WCAG 2.1 AA accessibility remediation added form label associations and ARIA attributes.

KYC Onboarding Flow Stabilisation and Race Condition Elimination
Four interconnected defects were found: auto-creation making the welcome state unreachable, race conditions from parallel tabs, hardcoded false document upload status, and a stale verification badge. The fix replaced auto-creation with explicit user-initiated creation, added 409 conflict recovery, implemented loading states, updated the read model to join document relations, and switched the header badge source. Eight additional items were remediated including verbose API route logging exposing authentication tokens.

Liveness Detection Quality Assurance and Security Hardening
Fourteen fixes were applied across three phases: face detection state guard strengthening, MediaPipe version pinning, anti-spoofing metrics with frame-to-frame landmark comparison, corrupted image validation via magic bytes, unified face verification flows, and ARIA accessibility attributes. Eighteen post-audit fixes followed covering stale timestamps, fallback score injection, PostgreSQL enum transaction issues, and frontend state management corrections. Seventy-three new tests were created.

Adaptive Baseline Calibration System and Premium Face Mesh Visualisation
An adaptive calibration system was implemented replacing fixed thresholds with per-user statistical measurements using approximately forty frames to compute mean and standard deviation for eye aspect ratio, head yaw angle, and smile ratio. A ten-layer Canvas 2D face mesh overlay was built with scan sweep animation, eye contours that pulse during blink challenges, lip contours responsive to smile challenges, and device-pixel-ratio-aware canvas sizing.

Real-Camera Threshold Tuning and Critical Fix Resolution
Four problems were revealed by real-camera testing: calibration frames reduced from sixty to forty, head turn threshold raised to 0.05 with six sustained frames, blink detection floors introduced, and a hysteresis floor added for adaptive thresholds. The test suite expanded from sixty-five to one hundred and ten tests.

Dashboard Recovery, Balance Formatting, and Anti-Spoofing Hardening
An unapplied migration was deployed restoring dashboard functionality. Three currency formatting functions were unified. Anti-spoofing hardening addressed hand-occlusion bypass with geometric consistency checks and frame reliability gating. Eighteen commits were produced.

Outcome: Three critical and five high-severity transfer pipeline findings were resolved, the KYC onboarding flow was stabilised with twelve total defects remediated, the liveness detection system received adaptive baseline calibration with anti-spoofing hardening validated through real-camera testing, and the test suite was expanded to one hundred and ten tests across eighteen commits.","2.1 Analyze current system
2.2 Identify requirements and deficiencies of the existing system
3.1 Design data
3.2 Design process outlines
3.10 Design/Develop Interactive UI Elements
3.12 User Experience and HCI
4.2 Program code
4.3 Test programs
5.2 Integration
5.3 System testing
7.3 Implementation stage
8.4 Security
9.1 Document and/or update documentation
19.2 Implement security protocols
23.5 Conduct code reviews
25.1 Develop blockchain applications"
"FRIDAY","No work scheduled.",""
"SATURDAY","No work scheduled.",""
"","PROBELMS ENCOUNTERED","SOLUTIONS FOUND"
"Two parallel developer branches had diverged across four shared submodule repositories with neither commit being an ancestor of the other, and root-owned files within Git object databases blocked merges. The wallet dashboard suffered from stale polling, a four-phase render cascade, and six critical deficiencies. The Next.js API proxy layer assumed flat response formats while backends wrapped responses in envelope structures, causing zero balances, empty transaction lists, and false verification banners. A critical unit mismatch was discovered throughout the transfer pipeline where the Go chaincode operates in the smallest denomination at one million units per token but the frontend sent raw values, meaning every transfer was one million times smaller than intended. A KYC verification service container was stuck in image pull failure for over twenty-six hours. The KYC onboarding flow had interconnected defects including auto-creation race conditions and hardcoded document upload status. Fixed detection thresholds in the liveness system were unsuitable for diverse face geometries, and hand-occlusion during challenges caused false positive blink and head turn detection.","The submodule conflicts were resolved by accepting one stream's pointers via targeted checkout, and root-owned files were remediated via recursive ownership change across all six submodules. All seven repositories were migrated from per-developer branches to a shared integration branch through a seven-phase process. The proxy route handlers were updated to unwrap the nested response envelope. The unit mismatch was corrected by establishing the smallest denomination as the base unit everywhere with conversion only at the UI boundary, formalised through eleven architecture decisions and implemented via a seven-wave parallel build producing a four-step transfer wizard. The container was recovered through a cache-disabled three-stage Docker rebuild completing in under five minutes. The KYC flow was stabilised by replacing auto-creation with explicit user-initiated creation, adding 409 conflict recovery, and fixing the read model to join document relations. An adaptive baseline calibration system was implemented using per-user z-score thresholds computed from forty resting frames, with anti-spoofing hardening using geometric consistency checks and frame reliability gating to prevent hand-occlusion bypass."

"WEEK ENDING",": 28th February 2026",""
"DAYS","DESCRIPTION OF WORK CARRIED OUT","ACTIVITY NO."
"SUNDAY","Cross-Repository Systemic Bug Remediation, E2E Test Suite Debugging to Full Pass, KYC Full-Stack Feature Development and Visual Overhaul, Dedicated File Storage Microservice Construction, and Admin Storage Browser UI

Objective: Execute a comprehensive multi-session engineering effort spanning seven workstreams: remediating 21 systemic bugs across three repositories through multi-agent parallel orchestration, debugging all 48 end-to-end test failures to achieve a complete pass, implementing a full-stack KYC place-of-birth feature from database schema through frontend form, completing a KYC visual overhaul with accessibility improvements, building a dedicated file storage microservice with virus scanning and deduplication from scratch, constructing an admin storage browser UI with 12 components, and resolving critical persistence and deployment issues through systematic multi-layer debugging.

Systemic Bug Discovery and Multi-Agent Remediation Across Three Repositories
A retrospective analysis across eleven prior development sessions revealed that recurring bug categories had been silently propagating throughout the codebase as systemic patterns rather than isolated incidents. Three critical categories emerged: service client misrouting where API routes dispatched requests to incorrect backend microservices, JWT token leakage in error logging where seven API route files dumped complete authorisation tokens into server logs, and an incomplete schema migration where smart contract events still emitted legacy field names while the database had migrated to v2 column naming. Twenty-one fixes spanning 17 files across three repositories were planned and executed using a three-tier parallel orchestration architecture with prompt-writing agents, implementation agents, and validation agents operating simultaneously across zero-conflict file boundaries.

Service Client and Security Remediation
Transfer submission and status polling routes were redirected from the authentication client to the tokenomics client. Five incorrect port mappings were corrected. Nine logging locations were sanitised eliminating JWT token exposure. Two routes bypassing the centralised HTTP client system were converted. Environment variable fallbacks using the client-side prefix were stripped from server-only configuration files.

Frontend Polish, Schema Bridge, and E2E Test Suite Debugging (48/48)
Smart contract event fields were renamed from v1 to v2 convention with backward-compatible field mapping using nullish coalescing. The E2E test infrastructure comprising five spec files and 48 tests was debugged through three sessions resolving strict mode violations, incorrect DOM content assumptions, Playwright's input value model, responsive layout duplicate element matches, and Tailwind truncate utility visibility semantics. All 48 tests reached green status.

KYC Place-of-Birth Full-Stack Feature and Persistence Debugging
A full-stack feature touching 15 files was implemented. A critical persistence bug required four diagnostic layers revealing that database columns had been added to compiled Prisma output but never back-ported to source schemas, and the Kubernetes pod was running a Docker image predating the code changes.

KYC Visual Overhaul, Layout Tuning, and Consent Granularity
Layout width underwent six iterations settling on 3xl (768px). The single consent checkbox was split into three for GDPR-compliant granular consent tracking. Accessibility attributes were added to shared components.

Dedicated File Storage Microservice (31 Source Files, ~2,300 Lines)
The service wraps S3-compatible object storage behind a REST API with six endpoints featuring SHA-256 deduplication, ClamAV virus scanning, automatic thumbnail generation, and presigned URL generation. Architecture follows four clean architecture layers with thirty-one source files. Server-side AES-256 encryption was resolved for compatibility with the development storage instance.

Admin Storage Browser UI (16 New Files)
Five backend endpoints were added for administrative operations. The admin portal received a complete file explorer with 8 TanStack Query hooks and 12 UI components including bucket statistics, grid and list views, image preview with zoom, drag-and-drop upload, and delete confirmation.

Outcome: Twenty-one systemic bugs were resolved, a complete 48/48 E2E test pass was achieved, a full-stack KYC feature spanning 15 files was delivered, a file storage microservice with 31 source files was constructed, and a 16-file admin storage browser was built, with approximately 125 commits and zero TypeScript compilation errors.","2.1 Analyze current system
2.2 Identify requirements and deficiencies of the existing system
3.1 Design data
3.2 Design process outlines
3.3 User interfaces/User experience/Screen formats and layouts
4.2 Program code
5.1 Testing module
5.2 Integration
6.4 Installation of software
8.4 Security
19.2 Implement security protocols
23.2 Implement DevOps practices
25.2 Implement smart contracts"
"MONDAY","File Storage Service Production Hardening, Marketing Site Security Remediation, KYC Integration Repair, and Human-Readable Object Storage Architecture

Objective: Execute a comprehensive production-readiness audit on the file storage microservice addressing 50 findings, remediate 30 security findings on a marketing site's server infrastructure, resolve a stale container image blocking KYC data persistence, and implement a human-readable object storage key structure with presigned URL document previews, culminating in Kubernetes deployment and browser-automated verification.

File Storage Service Security Hardening (50-Finding Audit)
Three parallel review agents examined all 35 backend source files surfacing 50 findings (10 critical, 14 high, 14 medium, 12 low). The most critical was a timing attack on API key middleware replaced with crypto.timingSafeEqual(). Additional fixes included magic-byte file validation, Content-Disposition header injection protection, ClamAV bypass default reversal, CORS restriction, and Zod schema validation on all endpoints.

Cross-Service Authentication Architecture Resolution
An authentication gap between the admin portal (JWT) and storage service (API key) was resolved by replacing a URL rewrite rule with a proper Next.js App Router API route that injects the API key server-side and handles multipart form data forwarding. A factory pattern was implemented for backend storage type selection.

Data Integrity, Performance, and Test Suite (90 Tests)
The download pipeline was converted from memory buffers to streaming architecture reducing memory from O(fileSize) to O(chunkSize). Cross-bucket deduplication was scoped by adding a bucket parameter. A soft-delete restore paradox was resolved. Decompression bomb protection was added. A 90-test suite across 10 specification files was created passing in 2.44 seconds.

KYC Integration Chain Repair
Five integration mismatches were corrected: wrong uploadedBy identifier, missing uploaderType, wrong bucket routing for face photos, unchecked virus scan status, and orphaned files on re-upload.

Marketing Site Full Security Remediation
Docker container hardening was applied across seven dimensions. Two deploy script logic bugs were fixed. Nginx hardening addressed a critical header inheritance flaw. System-level hardening covered SSH configuration, IPv6 firewall rules, fail2ban escalation, and automatic security updates.

Human-Readable Object Storage Keys and Frontend Document Previews
Files are now organised as {bucket}/{OwnerName_email}/{DocumentType}/{timestamp}-{uuid}.ext instead of opaque UUID paths. A server-side Next.js API route provides presigned URL document previews. All changes were verified end-to-end via browser automation.

Outcome: The file storage microservice was elevated to production-ready with 50 findings remediated and a 90-test suite. A marketing site received full-stack security hardening across 30 findings. Human-readable object storage keys were implemented with presigned URL previews, all deployed and verified end-to-end.","2.1 Analyze current system
2.2 Identify requirements and deficiencies of the existing system
3.1 Design data
3.2 Design process outlines
4.2 Program code
4.3 Test programs
5.2 Integration
5.3 System testing
6.4 Installation of software
8.4 Security
19.2 Implement security protocols
23.2 Implement DevOps practices"
"TUESDAY","Enterprise Exception Handling Architecture, Full-Stack Storage Pipeline Hardening, Admin Storage Browser Audit Remediation, and KYC Document Preview Resolution

Objective: Eliminate silent failure modes across the entire file storage and identity verification pipeline by designing and implementing a multi-layer enterprise exception handling architecture, systematically audit and remediate the administrative storage browser interface through a 53-finding code review and 9-finding UI assessment, and resolve three frontend rendering bugs preventing document image previews, validating through 146 unit tests, 13 end-to-end tests, and Kubernetes deployment.

Discovery of Silent Fallback and Exception Handling Philosophy
A KYC document was silently saved to ephemeral /tmp filesystem instead of object storage because a missing environment variable combined with a Zod schema default caused fallback to local storage. A comprehensive audit identified zero try-catch blocks across seven object storage provider methods, zero try-catch on database writes, and an error handler middleware recognising only two categories.

Domain Error Class Hierarchy and Middleware Overhaul
Six new domain error classes were implemented with appropriate HTTP status codes. The error handler middleware was rewritten from a two-category to a five-category system. Prisma instanceof checks were replaced with runtime duck-typing using error.constructor.name for Docker build compatibility.

Infrastructure and Cross-Service Error Wrapping
All seven object storage provider methods and five database repository write methods received try-catch wrapping. The identity verification service's HTTP storage client was rewritten to parse structured error responses. The configuration schema's silent default was removed entirely.

Comprehensive Test Suite (146 Tests) and Code Audit
113 tests passed initially (90 existing plus 23 new). A second session produced 30 additional tests. A code audit fixed 1 critical and 7 warning-level findings. Total: 146 unit tests and 5 Playwright E2E tests for KYC upload.

Admin Storage Browser Audit and Remediation
A third-party scroll area component was found to block pointer events. A two-agent audit produced 53 code findings and 9 UI findings. Seven systematic fixes were executed including download URL standardisation, broken useCallback memoisation repair, and PDF iframe sandboxing.

KYC Document Preview Resolution -- Three Bugs
A React dependency cycle causing infinite re-renders was fixed with useRef replacements. A storage:// protocol prefix broke URL routing through encodeURIComponent percent-encoding. CSS aspect-ratio failed on inline label elements, resolved by adding display: block. All verified across desktop, tablet, and mobile viewports.

Kubernetes Deployment and E2E Verification
The storage service was rebuilt and deployed. The complete KYC document upload chain was verified end-to-end. The day concluded with 41 commits, 146 unit tests, and 13 end-to-end tests.

Outcome: The entire storage and identity verification pipeline was transformed from silent fallbacks to enterprise-grade structured error propagation, validated by 146 unit tests and 13 end-to-end tests. The admin storage browser was remediated from 53 findings, and three frontend rendering bugs were resolved for working document previews.","2.1 Analyze current system
2.2 Identify requirements and deficiencies of the existing system
3.2 Design process outlines
3.8 Use complementary design techniques
4.2 Program code
4.3 Test programs
5.2 Integration
5.3 System testing
6.4 Installation of software
7.3 Implementation stage
23.2 Implement DevOps practices
25.1 Develop blockchain applications"
"WEDNESDAY","Face Verification Production Hardening, Full-Platform Module Roadmap with 69 Architectural Decisions, Five Parallel Enterprise Specifications, Spec Audit Resolution, Schema Drift Bug Fixes, Adaptive Calibration Backport, and First Module Implementation

Objective: Resolve a critical 500 error in the KYC face verification upload pipeline, design a comprehensive 22-module platform roadmap with 69 architectural decisions, generate five enterprise specifications totalling 8,456 lines, audit them resolving all 59 findings, eliminate Prisma schema drift bugs, backport adaptive face calibration, and implement the first roadmap module with 28 commits.

Face Verification 500 Error Investigation and Production Hardening
A seven-gap audit compared the hardened document upload route against the face verification upload route. Five work packages were executed: a new FaceVerificationInfrastructureError domain error, frontend page overhaul with capture preservation and retry logic, MediaPipe hook hardening with 15-second timeout, and a six-test Playwright suite achieving 11/11 in 32.9 seconds.

Full-Platform Module Roadmap with 22 Modules and 69 Decisions
Three parallel agents audited 16 backend services with 169 Prisma models, four frontend applications with 180+ pages, and seven chaincode contracts with 38+ functions. Twenty-two discrete modules were defined with dependency graphs. Sixty-nine architectural decisions were resolved through structured analysis following the Double Diamond pattern, covering SSO architecture, transfer security, RBAC, token management, dark mode, and WCAG 2.1 AA compliance. Time estimation calibrated against 43 historical sessions compressed the timeline from 10-13 weeks to 3-5 weeks.

Five Enterprise Specifications and 59-Finding Audit Resolution
Five agents produced 8,456 lines across SSO (2,013 lines, 51 acceptance criteria), hub router (1,273 lines), wallet dashboard (1,637 lines), send page (1,330 lines), and KYC review queue (1,222 lines). An 847-line architectural decisions register was committed. Five audit agents found 52 gaps plus 7 additional discoveries. The critical finding was a missing refresh token migration plan. All 59 findings were resolved adding 465 lines and 8 acceptance criteria.

Schema Drift Resolution and Adaptive Calibration Backport
Two schema drift bugs were found: FACE_STRAIGHT rejected as an invalid enum value and a missing Prisma model. Six critical gaps between the KYC face verification page and registration wizard's liveness detection were closed by backporting the full adaptive calibration system. A black screen crash was traced to separate video elements sharing a single ref, fixed by unifying camera-active states into a single JSX block. The ten-layer face mesh overlay was integrated.

First Module Implementation: Individual Participant Management (MOD-4)
Seven work packages were executed: stub sidebar cleanup, two-tab simplification, complete table rewrite with server-side operations and enterprise controls, backend filter endpoint extension, integration-pending placeholders, six admin action dialogs with mutation hooks, and five backend use cases with Zod validation and permission guards. Twenty-eight commits were produced.

Outcome: Face verification was hardened with 11 passing E2E tests, a 22-module roadmap with 69 decisions and five specifications totalling 8,456 lines was produced, 59 audit findings were fixed, schema drift was eliminated, adaptive calibration was backported completing the onboarding MVP, and the first roadmap module was fully implemented with 28 commits.","2.1 Analyze current system
2.2 Identify requirements and deficiencies of the existing system
2.3 Specify requirements of the proposed system
3.1 Design data
3.2 Design process outlines
3.5 Prepare program specifications
4.2 Program code
4.3 Test programs
5.2 Integration
5.3 System testing
7.1 Analysis stage
9.1 Document and/or update documentation
12.1 Project planning
23.2 Implement DevOps practices
25.1 Develop blockchain applications"
"THURSDAY","Enterprise Table Pattern Propagation, KYC Review Module Full-Stack Implementation, Multi-Dimensional Audit Remediation, and Runtime Integration Debugging

Objective: Complete the participant management module by propagating an enterprise-grade data table pattern across three management pages with column memoization and WCAG 2.1 AA accessibility, implement a full KYC review queue enhancement module with SLA tracking, document viewer rotation, reviewer assignment, and face score labels, execute remediation of 74 audit findings, and resolve runtime integration bugs.

Column Memoization, Filter Popover Stability, and Country Filter Dialog
Column definitions were wrapped in three tiers of useMemo for reference-stable popovers. A nationality filter was replaced with a searchable multi-select dialog generating 249 valid country codes via the Intl.DisplayNames API. Active filter badges display human-readable country names.

Responsive Design, Inline Skeleton Loading, and Table Pattern Propagation
Responsive design was added for 375px mobile viewports. Inline skeleton rows replaced full-table swaps. The component was split to meet the 300-line ESLint limit. The pattern was propagated to the KYC review queue table and admin management table with shared configurable components.

WCAG 2.1 AA Accessibility Remediation and Code Quality
Aria-label attributes were added to all pagination buttons, sort headers, and filter buttons. Keyboard navigation was added to all three tables via tabIndex, onKeyDown handlers for Enter and Space, and focus-visible rings. A shared countries.ts module eliminated four duplicate Intl.DisplayNames instances.

KYC Review Module Backend Implementation (Clean Architecture)
Two new columns (assignedToAdminId and assignedAt) were added to the Prisma schema. The full stack comprised repository ports, Prisma implementations, use cases with status validation, DTOs, controllers, Express routes with permission guards, and DI container registration.

SLA Tracking, Document Rotation, and Face Score Labels
SLA tracking was implemented with three urgency levels (normal under 24h, warning 24-48h, overdue beyond 48h) and a 60-second auto-refresh badge. Document viewer gained rotation with keyboard shortcuts. Face scores display threshold-based labels (PASS/REVIEW/FAIL). The application viewer was decomposed from 751 to three focused files.

Reviewer Assignment Frontend and Playwright Testing (61/61)
A searchable admin dialog was built with avatar initials, display name, email, and role badges. A 61-test Playwright suite was developed across three specification files, achieving full pass in 50.6 seconds after resolving role attribute and selector ambiguity issues.

Multi-Dimensional Audit Remediation (74 Findings)
Admin name resolution replaced raw UUID display with O(1) lookups. A keyboard shortcut conflict during text input was resolved with a Record key map. Backend validation was hardened with status checks and admin existence verification.

Database Migration and Runtime Bug Resolution
Two assignment columns were added via direct SQL. Face scores stored as 0-100 were being clamped by a component expecting 0-1 range, fixed with normalisation at the display boundary. Document previews failed from storage:// protocol prefixes and a duplicate environment configuration key, resolved with three targeted fixes.

Outcome: Two complete administrative modules were delivered across 84 commits with WCAG 2.1 AA compliance, SLA tracking, document rotation, reviewer assignment, 61 passing Playwright tests, and 74 audit findings remediated. Runtime testing uncovered critical data format mismatches that mocked tests could not detect.","2.1 Analyze current system
2.2 Identify requirements and deficiencies of the existing system
3.2 Design process outlines
3.3 User Interfaces/User experience/HCI/Screen formats and layouts
3.10 Design/Develop Interactive UI Elements
4.2 Program code
4.3 Test programs
5.2 Integration
5.3 System testing
6.4 Installation of software
7.3 Implementation stage
9.1 Document and/or update documentation
23.5 Conduct code reviews
23.6 Maintain version control"
"FRIDAY","No work scheduled.",""
"SATURDAY","No work scheduled.",""
"","PROBELMS ENCOUNTERED","SOLUTIONS FOUND"
"Twenty-one systemic bugs were discovered propagating silently across three repositories, including service client misrouting where API routes dispatched requests to incorrect backend microservices, JWT token leakage through raw error object serialisation in seven files, and incomplete schema migrations where smart contract events still emitted legacy field names. The file storage microservice had critical security vulnerabilities including a timing attack on API key comparison, missing magic-byte file validation allowing disguised executable uploads, cross-bucket deduplication leaks exposing files from restricted buckets, and entire file downloads loaded into memory buffers. A pervasive silent-fallback philosophy was uncovered where missing environment variables caused the identity verification service to silently write KYC documents to ephemeral pod filesystem storage instead of object storage, and catch blocks throughout the codebase swallowed errors without propagation. Stale Kubernetes container images predating feature implementations blocked KYC data persistence, Prisma schema columns defined in compiled output artefacts were never back-ported to source schema files meaning no migrations were ever created, and face verification uploads returned 500 errors due to seven critical gaps between the hardened document upload route and the unhardened face verification route. Frontend rendering bugs included React infinite re-render loops from useCallback dependency cycles, storage protocol prefixes breaking URL routing through percent-encoding, CSS aspect-ratio failing on inline elements, and data table filter popovers unmounting on every render cycle due to unstable arrow function references in column definitions.","The systemic bugs were remediated through a three-tier parallel orchestration architecture with prompt-writing, implementation, and validation agents operating across zero-conflict file boundaries, producing seventeen file-by-file commits with backward-compatible field mapping using nullish coalescing for historical blockchain data. The timing attack was eliminated by replacing string equality with crypto.timingSafeEqual() using pre-computed buffer comparison, magic-byte validation was added via the file-type npm package, cross-bucket deduplication was scoped by adding a bucket parameter, and the streaming download architecture replaced full-buffer loading reducing memory from O(fileSize) to O(chunkSize) at approximately 16KB per stream. The silent-fallback philosophy was addressed by implementing a six-class domain error hierarchy with structured HTTP status codes, rewriting the error handler middleware from a two-category to a five-category system, wrapping all seven object storage provider methods and five database repository write methods with try-catch blocks, and removing the Zod schema default that allowed silent local storage fallback. Stale container images were resolved through cache-disabled Docker rebuilds with unique timestamp tags to force genuine Kubernetes image pulls, and namespace resource quotas were patched from 15 to 20 pods. The face verification pipeline was hardened with optional recent photo fields, capture preservation on failure, retry logic, a FaceVerificationInfrastructureError domain error, and adaptive calibration backported from the registration wizard. Frontend rendering issues were resolved by replacing state-based guards with useRef equivalents to break dependency cycles, stripping and encoding storage protocol prefixes before URL construction, adding display block for CSS aspect-ratio compliance, and wrapping column definitions in three tiers of useMemo for reference-stable filter popovers."
